chr,bp38,position_cor,rs,observed,dbsnp142annot,requested,C57BL_6J,X129P2_OlaHsd,X129S1_SvImJ,X129S5SvEv_Brd,AKR_J,A_J,BALB_cJ,BTBRT_Itpr3_J,BUB_BnJ,C3H_HeH,C3H_HeJ,C57BL_10J,C57BL_6NJ,C57BR_cdJ,C57L_J,C58_J,CAST_EiJ,CBA_J,DBA_1J,DBA_2J,FVB_NJ,I_LnJ,KK_HlJ,LEWES_EiJ,LP_J,MOLF_EiJ,NOD_ShiLtJ,NZB_BlNJ,NZO_HlLtJ,NZW_LacJ,PWK_PhJ,RF_J,SEA_GnJ,SPRET_EiJ,ST_bJ,WSB_EiJ,ZALENDE_EiJ
10,28334861,10_28334861,rs248676603,indel,I:Ptprk,10:28334861-28334861,0,,,,,,,,,,,,,,,,,,,,,,,,,1,,,,,1,,,1,,,
10,28384990,10_28384990,rs242544674,indel,I:Ptprk,10:28384990-28384990,0,,,,,,,,,,,,,,,,1,,,,,,,,,,,,,,,,,,,,
11,103070309,11_103070309,rs231226603,indel,U3:Plcd3,11:103070309-103070309,0,,,,,,,,,,,,,,,,,,,,,,,1,,,,,,,,,,2,,1,
11,59698972,11_59698972,,indel,,11:59698972-59698972,0,,,,,1,,,,1,1,,,,,,,1,,,,,,,,1,,,,,1,,1,,,,
11,80397502,11_80397502,,,,11:80397502-80397502,C,C,C,C,C,C,C,C,C,C,C,C,C,C,C,C,C,C,C,C,C,C,C,C,C,C,C,C,C,C,C,C,C,A,C,C,C
12,59094027,12_59094027,,,,12:59094027-59094027,G,G,G,G,G,G,G,G,,,G,G,,G,G,G,G,G,G,,G,G,G,G,G,G,G,G,G,G,G,G,,G,G,,G
12,81947565,12_81947565,rs219518641,indel,I:Pcnx,12:81947565-81947565,0,,,,,,,,,,,,,,,,1,,,,,,2,1,,3,,,,,,,,3,,3,1
13,44240902,13_44240902,rs236755903,A/G,,13:44240902-44240902,G,G,G,G,G,G,G,G,G,G,G,G,G,G,G,G,G,G,G,G,G,G,G,G,G,G,G,G,G,G,G,G,G,A,G,G,G
13,59527224,13_59527224,rs587243287,C/T,I:Agtpbp1,13:59527224-59527224,C,C,C,C,C,C,C,C,C,C,C,C,C,C,C,C,T,C,C,C,,C,C,C,C,C,C,C,C,C,T,C,C,T,C,C,C
15,102984869,15_102984869,rs260036419,indel,,15:102984869-102984869,0,,,,,,,,,,,,,,,,,,,,,,,,,,,,,,1,,,2,,,
15,31472794,15_31472794,rs212572105,G/T,I:March6,15:31472794-31472794,G,,,,T,,T,T,T,,T,T,T,,,T,,T,T,T,T,T,,,,,T,T,,T,T,T,T,,T,T,T
15,96305641,15_96305641,rs265068407,indel,I:Arid2,15:96305641-96305641,0,,,,,,,,,,,,,,,,,,,,,,,,,,,,,,,,,1,,,
15,96697854,15_96697854,,,,15:96697854-96697854,C,C,C,C,C,C,C,C,C,C,C,C,C,T,C,C,,C,C,C,C,C,C,,C,,C,C,C,T,C,C,C,,C,,C
16,20124088,16_20124088,rs230103437,indel,U3:Klhl24 NC:Klhl24,16:20124088-20124088,0,,,,,,,,,,,,,,,,1,,,,,,,,,2,,,,,2,,,3,,,
16,37897824,16_37897824,rs250564197,indel,,16:37897824-37897824,0,,,,,,,,,,,,,,,,,,,,,,,,,1,,,,,1,,,,,,
16,38799521,16_38799521,,,,16:38799521-38799521,C,C,C,C,C,C,C,C,C,C,C,C,C,C,C,C,C,C,C,C,C,C,C,C,C,C,C,C,C,C,C,C,C,T,C,C,C
17,28695383,17_28695383,,indel,,17:28695383-28695383,0,,,,,,,,,,,,,,,,,,,,,,,,,,,,,,,,,1,,,
1,162857222,1_162857222,rs581236433,A/C/T,I:Fmo1,1:162857222-162857222,A,A,A,A,A,A,,A,A,A,A,A,A,,,,,A,,,A,,A,A,A,A,A,A,A,A,A,A,A,,A,A,A
1,178800830,1_178800830,rs228780633,indel,I:Kif26b,1:178800830-178800830,0,1,,1,,1,,,1,,,,,,,,,,,,1,,,1,,,,,1,1,1,1,,,1,1,1
1,61723999,1_61723999,,,,1:61723999-61723999,G,G,G,G,G,G,G,G,G,G,G,G,G,G,G,G,,G,G,G,G,G,G,G,G,G,G,G,G,G,G,G,G,G,G,G,G
2,169768737,2_169768737,rs254453740,indel,I:Tshz2 NC:LOC105244376,2:169768737-169768737,0,,,,,,,,,,,,,,,,,,,,,1,1,,,,,,,,1,,,,,,
2,75700504,2_75700504,rs213566127,C/T,I:Nfe2l2 NC:LOC105244211 I:LOC105244211,2:75700504-75700504,C,C,C,C,C,C,C,C,C,C,C,C,C,C,C,C,C,C,C,C,C,C,C,C,C,C,C,C,C,C,C,C,C,T,C,C,C
3,19993055,3_19993055,rs264567597,indel,I:Cp,3:19993055-19993055,0,,,,,,,,,,,,,,,,,,,,,,,,,,,,,,1,,,,,,
3,22093358,3_22093358,rs255004739,indel,I:Tbl1xr1,3:22093358-22093358,0,,,,,,,,,,,,,,,,,,,,,,,,,,,,,,,,,1,,,
3,22093358,3_22093358,rs260251489,G/T,I:Tbl1xr1,3:22093358-22093358,G,G,G,G,G,G,G,G,G,G,G,G,G,G,G,G,T,G,G,G,G,G,G,G,G,G,G,G,G,G,G,G,G,G,G,G,G
3,55288508,3_55288508,rs256602001,indel,I:Dclk1,3:55288508-55288508,0,,,,,,,,,,,,,,,,,,,,,,,,,,,,,,,,,1,,,
4,103363073,4_103363073,rs217136133,indel,I:Oma1,4:103363073-103363073,0,,,,,,,,,,,,,,,,1,,,,,,,,,,,,,,,,,1,,2,
4,6980700,4_6980700,rs218639270,A/G,I:Tox,4:6980700-6980700,G,G,G,G,G,G,G,G,G,G,G,G,G,G,G,G,G,G,G,G,G,G,G,G,G,G,G,G,G,G,A,G,G,G,G,G,G
5,36660914,5_36660914,,,,5:36660914-36660914,A,,,,,,,,,,,,,A,A,,,,,,,,,,,,,,,,,,,,,,
5,66596487,5_66596487,,,,5:66596487-66596487,A,,A,A,A,A,A,A,A,A,A,A,A,A,A,A,A,A,A,A,A,A,A,A,A,A,A,A,A,A,A,A,A,A,A,A,A
6,128290883,6_128290883,rs264964372,C/T,I:Tead4,6:128290883-128290883,C,C,C,C,C,C,C,C,C,C,C,C,C,C,C,C,T,C,C,C,C,C,C,C,C,T,C,C,C,C,C,C,C,T,C,C,C
6,90475221,6_90475221,rs260107253,indel,U3:Klf15 I:Klf15,6:90475221-90475221,0,1,1,,,,,,,1,1,,,1,1,1,2,1,1,1,1,,1,3,1,3,1,1,,1,,,,2,1,3,
7,137044144,7_137044144,rs265678487,A/G,I:Mgmt,7:137044144-137044144,G,G,G,G,G,G,G,G,G,G,G,G,G,G,G,G,G,G,G,G,G,G,G,G,G,G,G,G,G,G,A,G,G,G,G,G,G
7,141638786,7_141638786,,,,7:141638786-141638786,A,,,,,,,,,,,,,,,,,,,,,,,,,,,,,,,,,T,,,
7,16356122,7_16356122,,indel,,7:16356122-16356122,0,,,,,,,,,,,,,,,,,,,,,,,,,,,,,,,,,1,,,
8,45733398,8_45733398,,indel,,8:45733398-45733398,0,,,,,,,,,,,,,,,,,,,,,,,,,,,,,,1,,,,,,
8,45733398,8_45733398,,,,8:45733398-45733398,G,G,G,G,G,G,G,G,G,G,G,G,G,A,A,A,G,G,G,G,G,G,G,A,G,A,G,G,G,G,G,G,G,G,G,G,A
8,45807946,8_45807946,rs250220121,indel,I:Sorbs2 I:Sorbs2os,8:45807946-45807946,0,,,,,,,,,,,,,,,,1,,,,,,,,,,,,,,,,,1,,,
8,71690586,8_71690586,rs51583154,C/T,,8:71690586-71690586,C,T,T,T,T,C,T,C,T,T,T,C,C,C,C,T,,T,T,T,T,T,T,T,T,,C,T,T,T,T,T,T,C,T,T,T
8,94675603,8_94675603,,,,8:94675603-94675603,C,C,C,,C,C,C,C,C,C,C,C,C,C,,C,C,C,C,C,C,C,C,C,C,,C,C,C,C,G,C,C,C,C,C,C
9,124330134,9_124330134,rs579273923,G/T,,9:124330134-124330134,G,T,T,T,,,,,,,,,,,,,,T,T,T,,,,G,T,T,,,,,T,,,T,,,
9,21429385,9_21429385,rs244573235,indel,I:Dnm2,9:21429385-21429385,0,,,,,,,,,,,,,,,,,,,,,,,,,,,,,,,,,1,,,
9,60385333,9_60385333,rs265328060,A/G,I:Thsd4,9:60385333-60385333,A,A,A,A,G,A,G,G,A,A,A,G,G,G,G,G,G,G,G,G,A,G,G,G,A,G,A,G,A,A,G,G,A,G,A,G,G
10,32940591,10_32940591,rs251796599,indel,,10:32940591-32940591,0,,,,,,,,,,,,,,,,,,,,,,1,1,,,,1,,,,,,,,2,1
10,78338121,10_78338121,rs227315531,indel,I:Agpat3,10:78338121-78338121,0,,,,,,,,,,,,,,,,1,,,,,,,2,,,,,,,3,,,4,,3,2
13,119610824,13_119610824,rs584705701,A/G,I:Gm7120 I:Ccl28,13:119610824-119610824,A,G,,G,A,,,,,,,,,,A,,G,,,G,,,,,G,G,,,G,,,G,,G,,,
13,49547531,13_49547531,rs264648249,indel,I:Aspn I:Cenpp,13:49547531-49547531,0,,,,,,,,,,,,,,,,,,,,,,,,,,,,,,,,,1,,,
14,103312866,14_103312866,rs30357230,C/T,I:Mycbp2,14:103312866-103312866,C,T,T,T,C,C,C,C,C,C,C,C,C,T,C,T,,C,C,C,C,,T,T,,,C,T,T,T,T,C,C,T,C,,
17,62865029,17_62865029,rs108591380,C/T,I:Efna5,17:62865029-62865029,C,C,C,C,C,C,C,C,C,C,C,C,C,C,C,C,T,C,C,C,C,C,C,C,C,C,C,C,C,C,C,C,C,,C,C,C
18,60642899,18_60642899,rs247428772,indel,I:Synpo,18:60642899-60642899,0,,,,,,,,,,,,,,,,,,,,,,,,,,,,,,,,,1,,,
1,137967589,1_137967589,rs264875787,indel,,1:137967589-137967589,0,1,1,1,,1,,1,,1,1,,,,,,1,1,,,,1,1,1,,1,,,,,1,1,,1,1,1,
1,57915729,1_57915729,rs216759725,indel,I:Spats2l,1:57915729-57915729,0,,,,,,,,,,,,,,,,,,,,,,,,,,,,,,,,,1,,,
2,121793360,2_121793360,,,,2:121793360-121793360,C,C,C,,C,C,C,C,C,C,C,C,C,C,C,C,C,C,C,C,C,C,C,C,C,C,C,C,C,C,C,C,C,A,C,C,C
5,98880003,5_98880003,,,,5:98880003-98880003,G,G,G,,,G,G,G,G,,G,G,,G,G,G,G,G,G,G,,G,G,G,G,G,G,G,G,G,G,G,G,G,G,G,G
6,120931717,6_120931717,,indel,,6:120931717-120931717,0,,,,,,,,,,,,,,,,,,,,,,,,,1,,,,,,,,,,,
7,13047148,7_13047148,rs262959829,indel,I:Mzf1,7:13047148-13047148,0,,,,,,,,,,,,0,,,,,,,,,,,,,1,,,,,,,,,,0,0
7,13047148,7_13047148,,,,7:13047148-13047148,G,G,G,G,G,G,G,G,G,G,G,G,G,G,G,G,A,G,G,G,G,G,G,G,G,G,G,G,G,G,,G,G,G,G,G,G
7,133890940,7_133890940,rs242796749,C/T,I:Adam12,7:133890940-133890940,C,C,C,C,C,C,C,C,C,C,C,C,C,T,T,C,C,C,C,C,C,C,C,C,C,C,C,C,C,C,C,C,C,T,T,C,C
8,45786901,8_45786901,rs239633241,indel,I:Sorbs2 I:Sorbs2os,8:45786901-45786901,0,,,,,,,,,,,,,,,,1,,,,,,,,,1,,,,,1,,,,,,
8,45802144,8_45802144,rs219851110,indel,I:Sorbs2 I:Sorbs2os,8:45802144-45802144,0,,,,,,,,,,,,,,,,,,,,,,,,,1,,,,,1,,,1,,,
9,100773522,9_100773522,,,,9:100773522-100773522,G,G,,G,G,,G,G,G,G,G,G,G,,G,G,G,G,G,G,G,,,G,,G,G,G,G,G,G,G,G,,G,G,G
9,102813915,9_102813915,rs584943785,C/T,,9:102813915-102813915,C,,,,,,,,,,,,,C,,,,,,,,C,,,,,,,,,,,,,,,