Gene,Tag,XVseqDx,XVseqRe,GoTSeq_AML1,GoTSeq_AML2,GoTSeq_AML3,GoTSeq_AML4,GoTSeq_AML5,GoTSeq_AML6,GoTSeq_CH01,GoTSeq_CH02,GoTSeq_Healthy01,GoTSeq_Healthy02,GoTSeq_Healthy03,SMARTSeq_S74,SMARTSeq_S69,SMARTSeq_S58,SMARTSeq_S79,SMARTSeq_S80,SMARTSeq_NAT
XVSeq_ACAP2,XVSeq,0.004652827,0.346084608,0,0,0,0,0,0,0,0,0,0,0,0,0,0,0,0,0
XVSeq_CWF19L2,XVSeq,0.002012072,0.298313878,0,0,0,0,0,0,0,0,0,0,0,0,0,0,0,0,0
XVSeq_HNRNPUL1,XVSeq,0.0112,0.401062417,0,0,0,0,0,0,0,0,0,0,0,0,0,0,0,0,0
XVSeq_RPS24,XVSeq,0.067772891,0,0,0,0,0,0,0,0,0,0,0,0,0,0,0,0,0,0
XVSeq_SMARCD1,XVSeq,0.205128205,0,0,0,0,0,0,0,0,0,0,0,0,0,0,0,0,0,0
XVSeq_TET2_H1380Y,XVSeq,0.063157895,0.007792208,0,0,0,0,0,0,0,0,0,0,0,0,0,0,0,0,0
XVSeq_TET2_Q1034,XVSeq,0.148148148,0.329317269,0,0,0,0,0,0,0,0,0,0,0,0,0,0,0,0,0
XVSeq_TET2_R1216,XVSeq,0.026086957,0,0,0,0,0,0,0,0,0,0,0,0,0,0,0,0,0,0
XVSeq_TET2_S792,XVSeq,0.185483871,0.361386139,0,0,0,0,0,0,0,0,0,0,0,0,0,0,0,0,0
scMut_ACAP2,scMutrace,0.003802281,0.255813953,0,0,0,0,0,0,0,0,0,0,0,0,0,0,0,0,0
scMut_CWF19L2,scMutrace,0.008333333,0.324324324,0,0,0,0,0,0,0,0,0,0,0,0,0,0,0,0,0
scMut_HNRNPUL1,scMutrace,0.018181818,0.434782609,0,0,0,0,0,0,0,0,0,0,0,0,0,0,0,0,0
scMut_RPS24,scMutrace,0.097178683,0.357512953,0,0,0,0,0,0,0,0,0,0,0,0,0,0,0,0,0
scMut_SMARCD1,scMutrace,0.25,0.5,0,0,0,0,0,0,0,0,0,0,0,0,0,0,0,0,0
scMut_TET2_H1380Y,scMutrace,0.073170732,0,0,0,0,0,0,0,0,0,0,0,0,0,0,0,0,0,0
scMut_TET2_Q1034,scMutrace,0,0.538461538,0,0,0,0,0,0,0,0,0,0,0,0,0,0,0,0,0
scMut_TET2_R1216,scMutrace,0,0,0,0,0,0,0,0,0,0,0,0,0,0,0,0,0,0,0
scMut_TET2_S792,scMutrace,0.166666667,0.375,0,0,0,0,0,0,0,0,0,0,0,0,0,0,0,0,0
scMut_ABI1,scMutrace,0,0,0.46031746,0,0,0.117647059,0,0,0,0,0,0,0,0,0,0,0,0,0
scMut_ABL2,scMutrace,0,0,0,0.551724138,0,0,0,0,0,0,0,0,0,0,0,0,0,0,0
scMut_ARHGAP26,scMutrace,0,0,0,0.4,0,0,0,0,0.556701031,0.714285714,0,0,0,0,0,0,0,0,0
scMut_BCORL1,scMutrace,0,0,0,0,0,1,0,0,0,0,0,0,0,0,0,0,0,0,0
scMut_BCR,scMutrace,0,0,0,0,0,0.555555556,0,0,0,0,0,0,0,0,0,0,0,0,0
scMut_CBFA2T3,scMutrace,0,0,0,0.533333333,0,0,0,0,0,0,0,0,0,0,0,0,0,0,0
scMut_CBLB,scMutrace,0,0,0,0,0,0.727272727,0,0,0,0,0,0,0,0,0,0,0,0,0
scMut_CHIC2,scMutrace,0,0,0,0.568181818,0,0,0,0,0,0,0,0,0,0,0,0,0,0,0
scMut_CSF1R,scMutrace,0,0,1,0.888888889,0.8,1,0.888888889,0,1,0,0,0,0,0,0,0,0,0,0
scMut_CUX1,scMutrace,0,0,0,0.454545455,0,0.5,0,0,0,0,0,0,0,0,0,0,0,0,0
scMut_DEK,scMutrace,0,0,0,0,0,0,0,0.666666667,0,0,0,0,0,0,0,0,0,0,0
scMut_EP300,scMutrace,0,0,0,0.833333333,0,0,0,0,0,0,0,0,0,0,0,0,0,0,0
scMut_ERG,scMutrace,0,0,0,0.5,0,0,0,0,0,0,0,0,0,0,0,0,0,0,0
scMut_FNBP1,scMutrace,0,0,0.088235294,0,0,0,0,0,0,0,0,0,0,0,0,0,0,0,0
scMut_GATA2,scMutrace,0,0,0,0,0.578947368,0,0,0.604026846,0,0,0,0,0,0,0,0,0,0,0
scMut_JAK2,scMutrace,0,0,0,0.666666667,0,0,0,0,0,0,0,0,0,0,0,0,0,0,0
scMut_KAT6A,scMutrace,0,0,0.714285714,0.43902439,0,0.576923077,0,0,0,0,0,0,0,0,0,0,0,0,0
scMut_KAT6B,scMutrace,0,0,0,0,0.444444444,0,0,0,0,0,0,0,0,0,0,0,0,0,0
scMut_KMT2A,scMutrace,0,0,0,0,0,0,0,0,0,0.714285714,0,0,0,0,0,0,0,0,0
scMut_NCOA2,scMutrace,0,0,0,0,0.453125,0,0.846153846,0,0,0,0,0,0,0,0,0,0,0,0
scMut_NSD1,scMutrace,0,0,0,0.492063492,0,0,0,0,0,0,0,0,0,0,0,0,0,0,0
scMut_NSD3,scMutrace,0,0,0,0,0,0,0,0,0,0.557575758,0,0,0,0,0,0,0,0,0
scMut_NUP98,scMutrace,0,0,0,0.384615385,0.6,0,0,0,0,0,0,0,0,0,0,0,0,0,0
scMut_PER1,scMutrace,0,0,0,0,0,0.409090909,0,0,0,0,0,0,0,0,0,0,0,0,0
scMut_PICALM,scMutrace,0,0,0,0,0,0,0,0.1,0.027027027,0,0,0,0,0,0,0,0,0,0
scMut_PRDM16,scMutrace,0,0,0,0.666666667,0,0.593220339,0,0,0,0,0,0,0,0,0,0,0,0,0
scMut_SRSF2,scMutrace,0,0,0,0,0,0.236682809,0.27875,0,0.002808989,0.306990881,0,0,0,0,0,0,0,0,0
scMut_TET1,scMutrace,0,0,0,0.000947867,0,0,0,0,0,0,0,0,0,0,0,0,0,0,0
scMut_TOP1,scMutrace,0,0,0,0,0,0,0,0,0,0.554455446,0,0,0,0,0,0,0,0,0
DNA_IDH1,DNA,0,0,1,1,1,0,0,0,0,0,0,0,0,0,0,0,0,0,0
DNA_IDH2,DNA,0,0,0,0,0,1,1,1,1,1,0,0,0,0,0,0,0,0,0
DNA_NRAS,DNA,0,0,0,1,0,0,0,0,0,0,0,0,0,0,0,0,0,0,0
DNA_DNMT3A,DNA,0,0,1,1,0,1,1,1,0,0,0,0,0,0,0,0,0,0,0
GoTSeq_IDH1,GoTSeq,0,0,0.846153846,0.936231884,0.619047619,0,0,0,0,0,0,0,0,0,0,0,0,0,0
GoTSeq_IDH2,GoTSeq,0,0,0,0,0,0.874925551,0.884092146,0.830144657,0.870333988,0.674469642,0,0,0,0,0,0,0,0,0
GoTSeq_NRAS,GoTSeq,0,0,0,0.496698459,0,0,0,0,0,0,0,0,0,0,0,0,0,0,0
GoTSeq_DNMT3A,GoTSeq,0,0,0,0,0,0,0,0,0,0,0,0,0,0,0,0,0,0,0
scMut_IDH1,scMutrace,0,0,0.392156863,0.333333333,0,0,0,0,0,0,0,0,0,0,0,0,0,0,0
scMut_IDH2,scMutrace,0,0,0.004878049,0,0,0.149462366,0.443413729,0.448747153,0.418181818,0.456284153,0,0,0,0,0,0,0,0,0
scMut_NRAS,scMutrace,0,0,0,0.2208413,0.003267974,0,0,0,0,0,0,0,0,0,0,0,0,0,0
scMut_DNMT3A,scMutrace,0,0,0,0,0,0.222222222,0,0.308880309,0,0,0,0,0,0,0,0,0,0,0
scMut_KIF5B,scMutrace,0,0,0,0,0,0,0,0,0,0,0,0,0,0,0,0.009174312,0.00952381,0.047619048,0
scMut_KEAP1,scMutrace,0,0,0,0,0,0,0,0,0,0,0,0,0,0,0,0.009174312,0.057142857,0.047619048,0
scMut_SMARCA4,scMutrace,0,0,0,0,0,0,0,0,0,0,0,0,0,0,0,0.018348624,0.00952381,0,0
scMut_SDC4,scMutrace,0,0,0,0,0,0,0,0,0,0,0,0,0,0,0,0,0,0,0
scMut_HIP1,scMutrace,0,0,0,0,0,0,0,0,0,0,0,0,0,0,0,0.009174312,0.019047619,0,0
scMut_LRIG3,scMutrace,0,0,0,0,0,0,0,0,0,0,0,0,0,0.086021505,0.07523511,0,0,0,0
scMut_NKX2-1,scMutrace,0,0,0,0,0,0,0,0,0,0,0,0,0,0.053763441,0.05015674,0,0,0,0
GATK_TP53,GATK,0,0,0,0,0,0,0,0,0,0,0,0,0,0.010752688,0.015673981,0,0,0,0
GATK_DROSHA,GATK,0,0,0,0,0,0,0,0,0,0,0,0,0,0.010752688,0.012539185,0,0,0,0
GATK_EGFR,GATK,0,0,0,0,0,0,0,0,0,0,0,0,0,0.064516129,0.043887147,0,0,0,0
GATK_ROS1,GATK,0,0,0,0,0,0,0,0,0,0,0,0,0,0,0,0.027522936,0.028571429,0.095238095,0
GATK_BRAF,GATK,0,0,0,0,0,0,0,0,0,0,0,0,0,0,0,0,0.028571429,0,0
scMut_TP53,scMutrace,0,0,0,0,0,0,0,0,0,0,0,0,0,0.021505376,0.062695925,0,0,0,0
scMut_DROSHA,scMutrace,0,0,0,0,0,0,0,0,0,0,0,0,0,0.021505376,0.021943574,0,0,0,0
scMUt_EGFR,scMutrace,0,0,0,0,0,0,0,0,0,0,0,0,0,0.064516129,0.062695925,0,0,0,0
scMut_ROS1,scMutrace,0,0,0,0,0,0,0,0,0,0,0,0,0,0,0,0.018348624,0,0.047619048,0
scMut_BRAF,scMutrace,0,0,0,0,0,0,0,0,0,0,0,0,0,0,0,0,0.038095238,0,0